token,n,hem_prefix
skogen,106,FALSE
hemma,102,TRUE
hem,57,TRUE
stugan,32,FALSE
grövelsjön,29,FALSE
där,26,FALSE
grönklitt,26,FALSE
skog,24,FALSE
fäbod,21,FALSE
siljan,21,FALSE
orsa,19,FALSE
runt,19,FALSE
hemus,18,TRUE
lugnet,18,FALSE
sjön,18,FALSE
sälen,18,FALSE
idre,17,FALSE
stångtjärn,16,FALSE
på,15,FALSE
säterdalen,15,FALSE
runn,14,FALSE
fulufjället,13,FALSE
sollerön,13,FALSE
mellsta,12,FALSE
tällberg,12,FALSE
berget,11,FALSE
camping,11,FALSE
fjäll,11,FALSE
gyllbergen,11,FALSE
koppången,11,FALSE
sommarstuga,11,FALSE
sälenfjällen,11,FALSE
fiske,10,FALSE
jaktmark,10,FALSE
klack,10,FALSE
leksand,10,FALSE
naturreservat,10,FALSE
paradiset,10,FALSE
sommarstugan,10,FALSE
svampskogen,10,FALSE
älven,10,FALSE
älvpromenaden,10,FALSE
badplats,9,FALSE
bor,9,FALSE
golfbana,9,FALSE
mora,9,FALSE
bergebo,8,FALSE
fritidshus,8,FALSE
hagge,8,FALSE
jakt,8,FALSE
källslätten,8,FALSE
natur,8,FALSE
naturen,8,FALSE
nipfjället,8,FALSE
omnejd,8,FALSE
rättvik,8,FALSE
svamp,8,FALSE
åsen,8,FALSE
fäboden,7,FALSE
gimmen,7,FALSE
kyrkviken,7,FALSE
limsjön,7,FALSE
motionsspår,7,FALSE
plats,7,FALSE
solvändan,7,FALSE
strand,7,FALSE
stuga,7,FALSE
styggforsen,7,FALSE
tandådalen,7,FALSE
udden,7,FALSE
utsikten,7,FALSE
är,7,FALSE
alderängarna,6,FALSE
avesta,6,FALSE
barken,6,FALSE
dammsjön,6,FALSE
falun,6,FALSE
fjällen,6,FALSE
fjället,6,FALSE
hemfjällstangen,6,TRUE
hus,6,FALSE
ljungåsen,6,FALSE
lugn,6,FALSE
nära,6,FALSE
näset,6,FALSE
orsasjön,6,FALSE
strandpromenaden,6,FALSE
sörvik,6,FALSE
uvberget,6,FALSE
asaklitt,5,FALSE
avkoppling,5,FALSE
axi,5,FALSE
badet,5,FALSE
bispbergs,5,FALSE
byn,5,FALSE
dalälven,5,FALSE
elljusspåret,5,FALSE
fryksås,5,FALSE
furudal,5,FALSE
fäbodar,5,FALSE
fänforsen,5,FALSE
gesundaberget,5,FALSE
gruva,5,FALSE
hedemora,5,FALSE
hemmaskogen,5,TRUE
hundfjället,5,FALSE
hästängsleden,5,FALSE
högberget,5,FALSE
jaktmarker,5,FALSE
jarl,5,FALSE
lake,5,FALSE
lilla,5,FALSE
lugnets,5,FALSE
lyberget,5,FALSE
långbryggan,5,FALSE
malung,5,FALSE
många,5,FALSE
nibbleberget,5,FALSE
norra,5,FALSE
närsjö,5,FALSE
promenad,5,FALSE
sjö,5,FALSE
skogarna,5,FALSE
stadssjön,5,FALSE
stora,5,FALSE
södra,5,FALSE
tansen,5,FALSE
utsikt,5,FALSE
backmon,4,FALSE
bakom,4,FALSE
barndomshem,4,FALSE
biskopsnäset,4,FALSE
bjursås,4,FALSE
björbo,4,FALSE
bra,4,FALSE
by,4,FALSE
bysjön,4,FALSE
dalarna,4,FALSE
dalen,4,FALSE
egen,4,FALSE
elljusspår,4,FALSE
familj,4,FALSE
fin,4,FALSE
fjärden,4,FALSE
fjätervålen,4,FALSE
fulåberg,4,FALSE
fåsås,4,FALSE
för,4,FALSE
gamla,4,FALSE
grövelsjöfjällen,4,FALSE
gördalen,4,FALSE
hemmet,4,TRUE
här,4,FALSE
idrefjäll,4,FALSE
ik,4,FALSE
klacken,4,FALSE
kläppen,4,FALSE
knutsbo,4,FALSE
mejdåsen,4,FALSE
mellan,4,FALSE
minnen,4,FALSE
mot,4,FALSE
njupeskär,4,FALSE
nya,4,FALSE
området,4,FALSE
paradis,4,FALSE
romme,4,FALSE
rottnebyskogen,4,FALSE
roxnäs,4,FALSE
skjutfält,4,FALSE
stadsberget,4,FALSE
stjärnsund,4,FALSE
städjan,4,FALSE
stöten,4,FALSE
sundborn,4,FALSE
sunnansjö,4,FALSE
säs,4,FALSE
tjärn,4,FALSE
torsång,4,FALSE
uppväxt,4,FALSE
utsiktsplats,4,FALSE
vacker,4,FALSE
van,4,FALSE
vandringsled,4,FALSE
venjan,4,FALSE
älvdalens,4,FALSE
avlassen,3,FALSE
badplatsen,3,FALSE
björsjö,3,FALSE
blåbär,3,FALSE
bolberget,3,FALSE
brunnsberg,3,FALSE
brunnsvik,3,FALSE
brygga,3,FALSE
buder,3,FALSE
bäcka,3,FALSE
bär,3,FALSE
bäsingen,3,FALSE
bästa,3,FALSE
bönsaberg,3,FALSE
bösjön,3,FALSE
dala,3,FALSE
dalsjö,3,FALSE
digerberget,3,FALSE
djurmo,3,FALSE
dyverdalen,3,FALSE
ejen,3,FALSE
falu,3,FALSE
finnmark,3,FALSE
fint,3,FALSE
frostbrunnsdalen,3,FALSE
fulufjällets,3,FALSE
garberg,3,FALSE
garpenberg,3,FALSE
gasenberget,3,FALSE
gesunda,3,FALSE
gnupen,3,FALSE
golf,3,FALSE
granberget,3,FALSE
gärdsjö,3,FALSE
gå,3,FALSE
harpickön,3,FALSE
hela,3,FALSE
hemort,3,TRUE
hemskogen,3,TRUE
hos,3,FALSE
hund,3,FALSE
hundpromenad,3,FALSE
husby,3,FALSE
hyn,3,FALSE
hökolsberget,3,FALSE
jungfruberget,3,FALSE
kloten,3,FALSE
kommun,3,FALSE
kring,3,FALSE
kvarnsjön,3,FALSE
kvarnstensbrottet,3,FALSE
källan,3,FALSE
käringberget,3,FALSE
larsbo,3,FALSE
larsbodarna,3,FALSE
lindvallen,3,FALSE
ludvika,3,FALSE
läde,3,FALSE
malingsbo,3,FALSE
moje,3,FALSE
nationalpark,3,FALSE
naturområde,3,FALSE
norn,3,FALSE
nusnäs,3,FALSE
näs,3,FALSE
område,3,FALSE
ore,3,FALSE
ovanför,3,FALSE
parken,3,FALSE
predikstolen,3,FALSE
promenader,3,FALSE
rekreation,3,FALSE
rembospåret,3,FALSE
ripfjället,3,FALSE
saxdalen,3,FALSE
semester,3,FALSE
siljansbygden,3,FALSE
skansen,3,FALSE
skidor,3,FALSE
skidstadion,3,FALSE
skogspromenader,3,FALSE
skräddarbacken,3,FALSE
skräddartorp,3,FALSE
smedjebacken,3,FALSE
snöån,3,FALSE
springkällan,3,FALSE
stillheten,3,FALSE
stranden,3,FALSE
ställe,3,FALSE
säfsen,3,FALSE
tråbacken,3,FALSE
tyngsjö,3,FALSE
tyrinäs,3,FALSE
ullvi,3,FALSE
utsiktsplatsen,3,FALSE
valsan,3,FALSE
vandring,3,FALSE
vansbro,3,FALSE
vet,3,FALSE
vikarbyn,3,FALSE
väsman,3,FALSE
yxberget,3,FALSE
älv,3,FALSE
älvenrundan,3,FALSE
älvrundan,3,FALSE
ätjärn,3,FALSE
ålheden,3,FALSE
öje,3,FALSE
ön,3,FALSE
östfjället,3,FALSE
östra,3,FALSE
över,3,FALSE
övre,3,FALSE
alpin,2,FALSE
alpine,2,FALSE
amungen,2,FALSE
andersbenning,2,FALSE
andra,2,FALSE
anjosvarden,2,FALSE
barkdal,2,FALSE
barn,2,FALSE
barndoms,2,FALSE
besparingsskog,2,FALSE
bjurfors,2,FALSE
björkås,2,FALSE
björnhyttan,2,FALSE
bodde,2,FALSE
boende,2,FALSE
bomansberg,2,FALSE
bonäs,2,FALSE
bostad,2,FALSE
bostaden,2,FALSE
botberget,2,FALSE
branäs,2,FALSE
brindberg,2,FALSE
broåkern,2,FALSE
bruk,2,FALSE
bruntboskogen,2,FALSE
busmor,2,FALSE
bysjörundan,2,FALSE
bärskogen,2,FALSE
bäsna,2,FALSE
bästen,2,FALSE
dalstuga,2,FALSE
dess,2,FALSE
djupdalarna,2,FALSE
djurmoklack,2,FALSE
drosbacken,2,FALSE
eldris,2,FALSE
emmeråsen,2,FALSE
engelska,2,FALSE
ensen,2,FALSE
erikänget,2,FALSE
femten,2,FALSE
finngärdet,2,FALSE
fjällvärlden,2,FALSE
flosjön,2,FALSE
flygfältet,2,FALSE
frid,2,FALSE
fridfull,2,FALSE
frihet,2,FALSE
fritid,2,FALSE
fäggeby,2,FALSE
fågelreservat,2,FALSE
födelseort,2,FALSE
föräldrahem,2,FALSE
gammals,2,FALSE
gammelskog,2,FALSE
garsås,2,FALSE
gassarvet,2,FALSE
germundtjärn,2,FALSE
gillar,2,FALSE
gk,2,FALSE
glatjärn,2,FALSE
golfklubb,2,FALSE
gonäs,2,FALSE
grangärde,2,FALSE
granön,2,FALSE
grillplats,2,FALSE
grängesåsvallen,2,FALSE
gräsberget,2,FALSE
gyllingen,2,FALSE
gården,2,FALSE
hagen,2,FALSE
hean,2,FALSE
hemfjället,2,TRUE
hemmaplan,2,TRUE
hemskog,2,TRUE
hjortnäs,2,FALSE
hjulbäcks,2,FALSE
horrmund,2,FALSE
hosjö,2,FALSE
hovran,2,FALSE
hundarna,2,FALSE
hundprommenaden,2,FALSE
hykieberg,2,FALSE
häggberget,2,FALSE
hälla,2,FALSE
hällsjön,2,FALSE
hälsinggården,2,FALSE
håksberg,2,FALSE
hötjärn,2,FALSE
indnäs,2,FALSE
isunda,2,FALSE
jaktmarken,2,FALSE
jaktmarkerna,2,FALSE
jarlområdet,2,FALSE
jorden,2,FALSE
just,2,FALSE
järpesbo,2,FALSE
jättebra,2,FALSE
jätturn,2,FALSE
klipporna,2,FALSE
klubb,2,FALSE
klubbstugan,2,FALSE
knutsboskogen,2,FALSE
kojan,2,FALSE
kringelrisåsen,2,FALSE
kråkberg,2,FALSE
kungsgården,2,FALSE
kvien,2,FALSE
kyrkberget,2,FALSE
källbergets,2,FALSE
kålgården,2,FALSE
laxtjärn,2,FALSE
lekomberg,2,FALSE
lerdalsberget,2,FALSE
lillsjön,2,FALSE
liten,2,FALSE
ljusbodarna,2,FALSE
ljustern,2,FALSE
lugnt,2,FALSE
lycka,2,FALSE
lyån,2,FALSE
långsjön,2,FALSE
låsberget,2,FALSE
lömming,2,FALSE
lövåsen,2,FALSE
malingarna,2,FALSE
mamma,2,FALSE
mm,2,FALSE
moransfabod,2,FALSE
motorstadion,2,FALSE
musi,2,FALSE
musitjärn,2,FALSE
myckelsjön,2,FALSE
myggsjö,2,FALSE
mysig,2,FALSE
mångberg,2,FALSE
mörkret,2,FALSE
mössi,2,FALSE
naturum,2,FALSE
njupeskärs,2,FALSE
noppi,2,FALSE
norr,2,FALSE
när,2,FALSE
närområdet,2,FALSE
närsen,2,FALSE
nässjön,2,FALSE
nås,2,FALSE
opplimen,2,FALSE
orrleken,2,FALSE
pilka,2,FALSE
plintsberg,2,FALSE
plättbacken,2,FALSE
reservatet,2,FALSE
ribbåsen,2,FALSE
risberg,2,FALSE
rostberg,2,FALSE
rotensugnet,2,FALSE
rottneby,2,FALSE
rysjön,2,FALSE
rädbjörka,2,FALSE
rättviks,2,FALSE
rödmyren,2,FALSE
rönnäs,2,FALSE
rösåsen,2,FALSE
se,2,FALSE
silfhyttan,2,FALSE
sjurberg,2,FALSE
sjöarna,2,FALSE
sjöstugan,2,FALSE
ska,2,FALSE
skattungbyn,2,FALSE
skidanläggning,2,FALSE
skidspår,2,FALSE
skidspåret,2,FALSE
skidåkning,2,FALSE
skogen2,2,FALSE
skogspromenaden,2,FALSE
skogsstig,2,FALSE
skolskogen,2,FALSE
skoterparadiset,2,FALSE
skramsen,2,FALSE
skäftringen,2,FALSE
slalombacken,2,FALSE
smultronställe,2,FALSE
smultronstället,2,FALSE
smäcken,2,FALSE
snöklinten,2,FALSE
spjärsbodarna,2,FALSE
staberg,2,FALSE
stabergs,2,FALSE
stackmora,2,FALSE
stensveden,2,FALSE
stigar,2,FALSE
stigen,2,FALSE
storhälla,2,FALSE
storsjön,2,FALSE
stortjärn,2,FALSE
stumsnäs,2,FALSE
sunnanäng,2,FALSE
sågmyra,2,FALSE
söderbärke,2,FALSE
ta,2,FALSE
tansbodarna,2,FALSE
tillfället,2,FALSE
tingsnäs,2,FALSE
tjärna,2,FALSE
tjärnan,2,FALSE
torpet,2,FALSE
torsmo,2,FALSE
trollskogen,2,FALSE
tuttudden,2,FALSE
tyngen,2,FALSE
tyren,2,FALSE
tyttbo,2,FALSE
udde,2,FALSE
uvbergsbacken,2,FALSE
vandringsleder,2,FALSE
varmt,2,FALSE
vasselnäs,2,FALSE
vattenfall,2,FALSE
vattentornet,2,FALSE
vattnet,2,FALSE
vaverön,2,FALSE
vedungsfjället,2,FALSE
vika,2,FALSE
vill,2,FALSE
vinäs,2,FALSE
vinässkogen,2,FALSE
världsarvet,2,FALSE
västansjö,2,FALSE
västerby,2,FALSE
västäng,2,FALSE
växte,2,FALSE
vår,2,FALSE
vårat,2,FALSE
älvdalen,2,FALSE
älvmötet,2,FALSE
åka,2,FALSE
åkern,2,FALSE
ålkilen,2,FALSE
ålsjön,2,FALSE
åsbo,2,FALSE
åsleden,2,FALSE
öndalen,2,FALSE
ösjön,2,FALSE
österdalälven,2,FALSE
östnor,2,FALSE
övermo,2,FALSE
302,1,FALSE
50,1,FALSE
70,1,FALSE
abborberg,1,FALSE
abborrtjärnen,1,FALSE
abborsjöknoppen,1,FALSE
aborre,1,FALSE
aborrtjärn,1,FALSE
agnmyrenstigen,1,FALSE
air,1,FALSE
albacksdammen,1,FALSE
alderholmen,1,FALSE
alderängay,1,FALSE
allmänningen,1,FALSE
almberget,1,FALSE
alpina,1,FALSE
alvik,1,FALSE
amberris,1,FALSE
anderses,1,FALSE
andersviksberg,1,FALSE
andjosvarden,1,FALSE
andljusvarden,1,FALSE
andningsplats,1,FALSE
anläggning,1,FALSE
anna,1,FALSE
arbete,1,FALSE
arbetsplats,1,FALSE
arena,1,FALSE
arenan,1,FALSE
arkhyttan,1,FALSE
arnön,1,FALSE
art,1,FALSE
arvselen,1,FALSE
aspdalen,1,FALSE
aspnäs,1,FALSE
avest,1,FALSE
avestaforsen,1,FALSE
avkoppning,1,FALSE
backa,1,FALSE
backbyn,1,FALSE
backe,1,FALSE
bad,1,FALSE
badklippa,1,FALSE
badstrand,1,FALSE
baka,1,FALSE
bakidan,1,FALSE
balsen,1,FALSE
bara,1,FALSE
barberget,1,FALSE
barfredshogna,1,FALSE
barkagärdesskogen,1,FALSE
barkaränget,1,FALSE
barndom,1,FALSE
barndomen,1,FALSE
barndomsminnen,1,FALSE
barndomsstället,1,FALSE
barnen,1,FALSE
baronsudden,1,FALSE
bengstheden,1,FALSE
bensåsen,1,FALSE
bergjarlås,1,FALSE
bergkarlås,1,FALSE
bergsberget,1,FALSE
berihil,1,FALSE
berts,1,FALSE
besparingsskogen,1,FALSE
besök,1,FALSE
bingsjö,1,FALSE
biotop,1,FALSE
birrebo,1,FALSE
biskobsnäset,1,FALSE
biskopsmäset,1,FALSE
bispergs,1,FALSE
bjus,1,FALSE
bjusan,1,FALSE
bjusansjön,1,FALSE
bjökbergen,1,FALSE
björfors,1,FALSE
björkbacken,1,FALSE
björkberg,1,FALSE
björkberget,1,FALSE
björnen,1,FALSE
björntjärn,1,FALSE
björnås,1,FALSE
björsberg,1,FALSE
björvalldalen,1,FALSE
blecket,1,FALSE
blinkaskogen,1,FALSE
blyberg,1,FALSE
blästa,1,FALSE
blåkullaberg,1,FALSE
bobbacke,1,FALSE
bommen,1,FALSE
bomsarvet,1,FALSE
bondsela,1,FALSE
bonäsheden,1,FALSE
borg,1,FALSE
borlänge,1,FALSE
born,1,FALSE
bornviken,1,FALSE
borrarevägen,1,FALSE
bortibacka,1,FALSE
bostadsområde,1,FALSE
boståd,1,FALSE
botnäset,1,FALSE
brandtorn,1,FALSE
brant,1,FALSE
bratberget,1,FALSE
bredmossen,1,FALSE
brednäs,1,FALSE
bredsjön,1,FALSE
bredvid,1,FALSE
brilja,1,FALSE
brinter,1,FALSE
bromsberget,1,FALSE
brottby,1,FALSE
brovallsgården,1,FALSE
brudskog,1,FALSE
brunnsjöberget,1,FALSE
brända,1,FALSE
brändskog,1,FALSE
bränntjärnstorpet,1,FALSE
brömsberget,1,FALSE
buderskogen,1,FALSE
buffils,1,FALSE
bunk,1,FALSE
burensskogen,1,FALSE
burusjön,1,FALSE
buudrudan,1,FALSE
byns,1,FALSE
byrviken,1,FALSE
bytjärn,1,FALSE
byås,1,FALSE
bäck,1,FALSE
bäckbergsskogen,1,FALSE
bäckkvarn,1,FALSE
bäcksta,1,FALSE
bäckstabadet,1,FALSE
bänken,1,FALSE
bärplock,1,FALSE
bärplockningsskogar,1,FALSE
bärstället,1,FALSE
bäsinge,1,FALSE
båda,1,FALSE
både,1,FALSE
bågskytte,1,FALSE
bångtjärn,1,FALSE
båten,1,FALSE
båthus,1,FALSE
båthusä,1,FALSE
båtplatsen,1,FALSE
böthölen,1,FALSE
bötja,1,FALSE
calle,1,FALSE
campingen,1,FALSE
campingområde,1,FALSE
caravan,1,FALSE
centrum,1,FALSE
clownstig,1,FALSE
club,1,FALSE
coastline,1,FALSE
csnada,1,FALSE
cykel,1,FALSE
cykelmecka,1,FALSE
cykelväg,1,FALSE
cykla,1,FALSE
dagkarlsbo,1,FALSE
dalaälven,1,FALSE
dalgång,1,FALSE
dalhalla,1,FALSE
dalkarlsnäs,1,FALSE
dalälvens,1,FALSE
dammsjö,1,FALSE
dg,1,FALSE
dicka,1,FALSE
digertjärnen,1,FALSE
disc,1,FALSE
discgolf,1,FALSE
discgolfpark,1,FALSE
djupdalarns,1,FALSE
djupdalen,1,FALSE
djurforsen,1,FALSE
djuro,1,FALSE
djurås,1,FALSE
djuråsby,1,FALSE
dottern,1,FALSE
drafsarna,1,FALSE
draggsängarna,1,FALSE
dragsängarna,1,FALSE
drevdagen,1,FALSE
drevfjället,1,FALSE
dräcken,1,FALSE
drälsholmen,1,FALSE
dröttholar,1,FALSE
dumtjärn,1,FALSE
duvnäs,1,FALSE
duvtjärn,1,FALSE
dyngrav,1,FALSE
dysberg,1,FALSE
dyviken,1,FALSE
dådran,1,FALSE
dö,1,FALSE
döda,1,FALSE
dödafallen,1,FALSE
döndertrasade,1,FALSE
edtjärnsberget,1,FALSE
ee,1,FALSE
eft,1,FALSE
eijskogsfjället,1,FALSE
ejheden,1,FALSE
ekholsberget,1,FALSE
ekotemplet,1,FALSE
eldrisskogen,1,FALSE
elljus,1,FALSE
emåsjön,1,FALSE
envikens,1,FALSE
enåns,1,FALSE
eversberg,1,FALSE
evertsberg,1,FALSE
exakt,1,FALSE
fallbyn,1,FALSE
fallen,1,FALSE
fallet,1,FALSE
familjegård,1,FALSE
familjens,1,FALSE
familjeplats,1,FALSE
fantastisk,1,FALSE
farbrors,1,FALSE
farfars,1,FALSE
farmor,1,FALSE
ff,1,FALSE
fika,1,FALSE
fina,1,FALSE
finnbacka,1,FALSE
finnjällsn,1,FALSE
finns,1,FALSE
fins,1,FALSE
fishing,1,FALSE
fiskeområde,1,FALSE
fiskesjön,1,FALSE
fiskeställe,1,FALSE
fiskevatten,1,FALSE
fiskevårdsförening,1,FALSE
fisklädkölen,1,FALSE
fjelle,1,FALSE
fjeta,1,FALSE
fjägeråsen,1,FALSE
fjällberget,1,FALSE
fjällboende,1,FALSE
fjällfoten,1,FALSE
fjällnaturen,1,FALSE
fjällskogwn,1,FALSE
fjälltopp,1,FALSE
fjällvandring,1,FALSE
fjällvattnet,1,FALSE
fjällvidder,1,FALSE
fjäta,1,FALSE
fjätån,1,FALSE
flatberget,1,FALSE
flatdammasrundan,1,FALSE
flatenbergs,1,FALSE
flenarna,1,FALSE
flobergets,1,FALSE
floda,1,FALSE
flodpärlmuslan,1,FALSE
flotten,1,FALSE
fly,1,FALSE
flyten,1,FALSE
flytta,1,FALSE
flyttade,1,FALSE
flyttat,1,FALSE
fläck,1,FALSE
flötvägen,1,FALSE
fnaggelbo,1,FALSE
folkhemmet,1,FALSE
folkärna,1,FALSE
fornby,1,FALSE
forsen,1,FALSE
forsängen,1,FALSE
foskros,1,FALSE
fosksjön,1,FALSE
frbg,1,FALSE
fredagsmyren,1,FALSE
fridfullt,1,FALSE
frihuset,1,FALSE
friluftsliv,1,FALSE
friluftsområde,1,FALSE
fritidintresse,1,FALSE
fritids,1,FALSE
fritidshusområde,1,FALSE
frosbrunnsdalen,1,FALSE
frostbrunsdalen,1,FALSE
främby,1,FALSE
främbyskogen,1,FALSE
främsbacka,1,FALSE
fu,1,FALSE
fulufjäll,1,FALSE
fulusjön,1,FALSE
funäsdalen,1,FALSE
furuviken,1,FALSE
fyriberg,1,FALSE
fyribergs,1,FALSE
fyrtjänarna,1,FALSE
fäbo,1,FALSE
fäbodstuga,1,FALSE
fämtfallet,1,FALSE
färjkarlsbo,1,FALSE
färnäs,1,FALSE
fågelliv,1,FALSE
fågelsjö,1,FALSE
fågelskådning,1,FALSE
fågelskådningsplattformen,1,FALSE
fåglar,1,FALSE
fårberg,1,FALSE
fåså,1,FALSE
föräldra,1,FALSE
gagnef,1,FALSE
galånäset,1,FALSE
gammal,1,FALSE
gammalskog,1,FALSE
gammelgården,1,FALSE
gammelselen,1,FALSE
gammelsätervallen,1,FALSE
gamtkwensbrune,1,FALSE
geflu,1,FALSE
generellt,1,FALSE
genom,1,FALSE
gensen,1,FALSE
gesindaberget,1,FALSE
gesundaneeget,1,FALSE
gimklack,1,FALSE
gimsbärke,1,FALSE
gistholmen,1,FALSE
glyfjärden,1,FALSE
gokartskogen,1,FALSE
golfbanan,1,FALSE
golfen,1,FALSE
granar,1,FALSE
granbergets,1,FALSE
granfjäll,1,FALSE
grangärdebygden,1,FALSE
granmor,1,FALSE
granåsjön,1,FALSE
gravröset,1,FALSE
grejsarberget,1,FALSE
grevbo,1,FALSE
grifdelnäs,1,FALSE
griffelnäs,1,FALSE
grillplatsen,1,FALSE
grotfallet,1,FALSE
grottvägen,1,FALSE
grunddagssätern,1,FALSE
grundsand,1,FALSE
grusvägarna,1,FALSE
gruvsjön,1,FALSE
gruvvandringen,1,FALSE
grycken,1,FALSE
grytnäs,1,FALSE
gränges,1,FALSE
grängesberg,1,FALSE
grängshammar,1,FALSE
gråbodarns,1,FALSE
gråbuan,1,FALSE
gråda,1,FALSE
grådön,1,FALSE
gråtbäck,1,FALSE
gröna,1,FALSE
gröntjätnsrundan,1,FALSE
gröntuv,1,FALSE
grössjön,1,FALSE
grötboskogen,1,FALSE
gröveldammen,1,FALSE
grövelfjäll,1,FALSE
grövveldammen,1,FALSE
gubbo,1,FALSE
gulabron,1,FALSE
guldkusten,1,FALSE
gullmyren,1,FALSE
gunhån,1,FALSE
gussjö,1,FALSE
gussjön,1,FALSE
gustafs,1,FALSE
gutdalens,1,FALSE
gyllfäbodarna,1,FALSE
gym,1,FALSE
gällsjön,1,FALSE
gärdebyn,1,FALSE
gärdsjöbyarna,1,FALSE
gärdåsselen,1,FALSE
gäsen,1,FALSE
gässberg,1,FALSE
gålsbo,1,FALSE
gård,1,FALSE
gårlången,1,FALSE
gåsholmen,1,FALSE
gått,1,FALSE
göberget,1,FALSE
haftahedarna,1,FALSE
hage,1,FALSE
haglingbarg,1,FALSE
hagudden,1,FALSE
halla,1,FALSE
hallsjökvarn,1,FALSE
halvars,1,FALSE
halvarsgårdarna,1,FALSE
halvårs,1,FALSE
halvön,1,FALSE
hammarbacken,1,FALSE
hamn,1,FALSE
hamnen,1,FALSE
hamrebeget,1,FALSE
handbacken,1,FALSE
hansuskojan,1,FALSE
haraldsbo,1,FALSE
harasviken,1,FALSE
harmoniskt,1,FALSE
harmsarvets,1,FALSE
harnäs,1,FALSE
harnässkogen,1,FALSE
havtrollet,1,FALSE
heaven,1,FALSE
heby,1,FALSE
heda,1,FALSE
heden,1,FALSE
hedenskogen,1,FALSE
hedsåsen,1,FALSE
hedsåsens,1,FALSE
hellbergs,1,FALSE
helsingland,1,FALSE
helvetesfallet,1,FALSE
hemby,1,TRUE
hembygdsgård,1,TRUE
hemfjällsstugan,1,TRUE
hemgården,1,TRUE
hemkommun,1,TRUE
hemkomun,1,TRUE
hemm,1,TRUE
hemmavid,1,TRUE
hemmets,1,TRUE
hemmikring,1,TRUE
hemmiljö,1,TRUE
hemshyttan,1,TRUE
hemskiftet,1,TRUE
hemtjärn,1,TRUE
hemu,1,TRUE
hemulberget,1,TRUE
hemulsjö,1,TRUE
hemulån,1,TRUE
hemusslingorna,1,TRUE
hemusterrängen,1,TRUE
herrgården,1,FALSE
heter,1,FALSE
hfalun,1,FALSE
hiking,1,FALSE
himmelfjäll,1,FALSE
himmeråsen,1,FALSE
hindriksheden,1,FALSE
hinsen,1,FALSE
hjälptjärn,1,FALSE
hjärta,1,FALSE
holmen,1,FALSE
holselen,1,FALSE
hoppbacken,1,FALSE
hornberga,1,FALSE
hosjöholmen,1,FALSE
hosjön,1,FALSE
hosjöstrand,1,FALSE
hotell,1,FALSE
hulen,1,FALSE
hummelbo,1,FALSE
hundar,1,FALSE
hundhagen,1,FALSE
hundpromenaden,1,FALSE
hundrastning,1,FALSE
hunflen,1,FALSE
husbyringen,1,FALSE
huset,1,FALSE
huskläppen,1,FALSE
husom,1,FALSE
husvagnen,1,FALSE
hygge,1,FALSE
hytta,1,FALSE
hyttkvarn,1,FALSE
hägnåsen,1,FALSE
hällaskogen,1,FALSE
hälsingberg,1,FALSE
hälsinggårdsbryggan,1,FALSE
hänget,1,FALSE
härbret,1,FALSE
härligt,1,FALSE
hässjön,1,FALSE
hässlen,1,FALSE
hästengsflotten,1,FALSE
hästingsleden,1,FALSE
hästkullen,1,FALSE
håberget,1,FALSE
håkölen,1,FALSE
håliden,1,FALSE
hållberg,1,FALSE
hållberget,1,FALSE
hånäset,1,FALSE
håsjön,1,FALSE
hög,1,FALSE
högbergets,1,FALSE
högbyn,1,FALSE
högåsberget,1,FALSE
högåsen,1,FALSE
högåsrundan,1,FALSE
hökberg,1,FALSE
hökbergs,1,FALSE
hökmora,1,FALSE
hörksnäs,1,FALSE
ickorrbotten,1,FALSE
ickån,1,FALSE
idbäck,1,FALSE
idrott,1,FALSE
igeltjärn,1,FALSE
indornäs,1,FALSE
ingelsbo,1,FALSE
ingevallsbo,1,FALSE
innan,1,FALSE
insjön,1,FALSE
insjönaturen,1,FALSE
issan,1,FALSE
jakten,1,FALSE
jaktkoja,1,FALSE
jaktkojan,1,FALSE
jaktområde,1,FALSE
jaktområdet,1,FALSE
jaktstuga,1,FALSE
japanska,1,FALSE
jarlskogen,1,FALSE
jarlstugan,1,FALSE
jelksjöarna,1,FALSE
jerkansbudan,1,FALSE
jj,1,FALSE
jobba,1,FALSE
jobsbo,1,FALSE
jsktstuga,1,FALSE
jutbo,1,FALSE
jädersholmar,1,FALSE
jägarnas,1,FALSE
jägarnäsbadet,1,FALSE
jämtland,1,FALSE
jättemysigt,1,FALSE
jönna,1,FALSE
jönsson,1,FALSE
jönsssgården,1,FALSE
kalberget,1,FALSE
kalfjäll,1,FALSE
kalkbergsvägen,1,FALSE
kallholn,1,FALSE
kanotleden,1,FALSE
kantarellskogen,1,FALSE
kaplaskogen,1,FALSE
karlberg,1,FALSE
kartan,1,FALSE
kerstins,1,FALSE
kesjön,1,FALSE
killingberget,1,FALSE
killinghol,1,FALSE
kinnvallsjön,1,FALSE
kjällberget,1,FALSE
klikten,1,FALSE
klingen,1,FALSE
klint,1,FALSE
klinten,1,FALSE
klockarnäs,1,FALSE
klubbhomnen,1,FALSE
klutsjön,1,FALSE
kläberget,1,FALSE
klätterberget,1,FALSE
knippoheden,1,FALSE
knäsjön,1,FALSE
knåparbodarna,1,FALSE
kohagen,1,FALSE
kollsjön,1,FALSE
kolonilotten,1,FALSE
kompis,1,FALSE
konnsjön,1,FALSE
koppslahyttan,1,FALSE
korpfjäll,1,FALSE
korpholen,1,FALSE
korset,1,FALSE
korsnes,1,FALSE
korsning,1,FALSE
korså,1,FALSE
korsåsen,1,FALSE
kringlan,1,FALSE
kringliggande,1,FALSE
krokfors,1,FALSE
kroppen,1,FALSE
krusbo,1,FALSE
kräckelbäcken,1,FALSE
kråkbergs,1,FALSE
kråkbotjärn,1,FALSE
kråkbrickan,1,FALSE
krångåsen,1,FALSE
kul,1,FALSE
kulturlandskapet,1,FALSE
kulåra,1,FALSE
kunna,1,FALSE
kuså,1,FALSE
kvansnäs,1,FALSE
kvarna,1,FALSE
kvarnholn,1,FALSE
kvarnåker,1,FALSE
kväksel,1,FALSE
kyna,1,FALSE
kyrka,1,FALSE
kyrkbron,1,FALSE
kyrkby,1,FALSE
kyrkbytjärn,1,FALSE
kyrkbåthusen,1,FALSE
kytjärn,1,FALSE
kägelberget,1,FALSE
källbotten,1,FALSE
källviken,1,FALSE
källvägen,1,FALSE
kämboberget,1,FALSE
kämpboberget,1,FALSE
kämpudden,1,FALSE
kära,1,FALSE
kärleksudden,1,FALSE
kärringberget,1,FALSE
kärringtjärn,1,FALSE
kättboflotten,1,FALSE
käällbergsgärdet,1,FALSE
kårbostallet,1,FALSE
kölaråsen,1,FALSE
laduberg,1,FALSE
ladubergs,1,FALSE
laggarudden,1,FALSE
laggaruddens,1,FALSE
laknäs,1,FALSE
lantstället,1,FALSE
larsberget,1,FALSE
leden,1,FALSE
leder,1,FALSE
lejden,1,FALSE
leker,1,FALSE
leksands,1,FALSE
leksboda,1,FALSE
leksmyren,1,FALSE
lekåsen,1,FALSE
lennheden,1,FALSE
lerdal,1,FALSE
levande,1,FALSE
lever,1,FALSE
levsnäs,1,FALSE
liden,1,FALSE
liggande,1,FALSE
ligger,1,FALSE
lila,1,FALSE
liljan,1,FALSE
lill,1,FALSE
lillån,1,FALSE
lillön,1,FALSE
lima,1,FALSE
limdalen,1,FALSE
lindesnäs,1,FALSE
lingon,1,FALSE
lingonplatsen,1,FALSE
lisela,1,FALSE
lissbjörken,1,FALSE
lisselhed,1,FALSE
lissgärdsgattu,1,FALSE
lisskog,1,FALSE
lisslabo,1,FALSE
lissler,1,FALSE
ljotgrav,1,FALSE
ljung,1,FALSE
ljusbodarnas,1,FALSE
ljuva,1,FALSE
loberg,1,FALSE
lockar,1,FALSE
lofvargardn,1,FALSE
lohyddan,1,FALSE
loka,1,FALSE
lokimberberget,1,FALSE
lomkällan,1,FALSE
lomvik,1,FALSE
loppis,1,FALSE
lugna,1,FALSE
lugnaste,1,FALSE
lugnetskogen,1,FALSE
lugnetsvatten,1,FALSE
lugnrt,1,FALSE
lurån,1,FALSE
lybergsgnupen,1,FALSE
lyckoplatsen,1,FALSE
lämplig,1,FALSE
längdskidspår,1,FALSE
längs,1,FALSE
länken,1,FALSE
lång,1,FALSE
långbergs,1,FALSE
lången,1,FALSE
långfjället,1,FALSE
långfärdsskridskor,1,FALSE
långholmen,1,FALSE
långmora,1,FALSE
långrundan,1,FALSE
långselen,1,FALSE
långshyttan,1,FALSE
långsåsen,1,FALSE
långtjärnarna,1,FALSE
långåsen,1,FALSE
löten,1,FALSE
löva,1,FALSE
lövmarken,1,FALSE
lövnes,1,FALSE
lövnäs,1,FALSE
lövåsberget,1,FALSE
lövö,1,FALSE
majkölen,1,FALSE
malbacken,1,FALSE
malungs,1,FALSE
mans,1,FALSE
mardal,1,FALSE
mardalen,1,FALSE
mark,1,FALSE
marken,1,FALSE
marknad,1,FALSE
marnäs,1,FALSE
marnässkogen,1,FALSE
masten,1,FALSE
matsbo,1,FALSE
matsäl,1,FALSE
mattlaberg,1,FALSE
mattsåsen,1,FALSE
medjåsn,1,FALSE
medskogstjärn,1,FALSE
mej,1,FALSE
mellanvakern,1,FALSE
melsta,1,FALSE
mer,1,FALSE
mest,1,FALSE
mickeltemplet,1,FALSE
milbana,1,FALSE
milbanan,1,FALSE
milspåret,1,FALSE
milsvid,1,FALSE
minskog,1,FALSE
mit,1,FALSE
mittsjöbo,1,FALSE
mjälgen,1,FALSE
mjölnarbo,1,FALSE
mobyn,1,FALSE
mockfjärd,1,FALSE
mockfkärd,1,FALSE
molnbyggen,1,FALSE
morarna,1,FALSE
morfar,1,FALSE
morfars,1,FALSE
morkarlby,1,FALSE
mormor,1,FALSE
mossa,1,FALSE
mossby,1,FALSE
mossokaln,1,FALSE
mosätra,1,FALSE
mosätt,1,FALSE
motioner,1,FALSE
motions,1,FALSE
motionsområde,1,FALSE
ms,1,FALSE
ms2,1,FALSE
mulleskogen,1,FALSE
musik,1,FALSE
myggbo,1,FALSE
myratugan,1,FALSE
myrflodammen,1,FALSE
mysiga,1,FALSE
mysigaste,1,FALSE
mysplats,1,FALSE
människan,1,FALSE
märråbergs,1,FALSE
mässbacken,1,FALSE
mässingsbruk,1,FALSE
måbergstjärn,1,FALSE
mågis,1,FALSE
mångsgården,1,FALSE
månsta,1,FALSE
mår,1,FALSE
möjligheter,1,FALSE
mörtabergets,1,FALSE
mörtbuviken,1,FALSE
mörtsjön,1,FALSE
mörttjärn,1,FALSE
nadden,1,FALSE
namn,1,FALSE
namnlösen,1,FALSE
natten,1,FALSE
naturlycka,1,FALSE
naturrum,1,FALSE
naturskolan,1,FALSE
naturslinga,1,FALSE
naturstig,1,FALSE
natursyddsområde,1,FALSE
navardalen,1,FALSE
nedre,1,FALSE
nibble,1,FALSE
nisshytteskogen,1,FALSE
nittsjö,1,FALSE
njut,1,FALSE
njutbar,1,FALSE
njutit,1,FALSE
noppikoski,1,FALSE
nordansjö,1,FALSE
nordbäck,1,FALSE
nordbäcksbodarna,1,FALSE
nordibyn,1,FALSE
noret,1,FALSE
norge,1,FALSE
nornäs,1,FALSE
norrbo,1,FALSE
norrvik,1,FALSE
norrviksbackarna,1,FALSE
norsberget,1,FALSE
norslundsskogen,1,FALSE
norudden,1,FALSE
nubbleberget,1,FALSE
nuvarande,1,FALSE
nyhyttan,1,FALSE
nysjöns,1,FALSE
nyss,1,FALSE
näckådalen,1,FALSE
närfjället,1,FALSE
närhet,1,FALSE
närheten,1,FALSE
närmaste,1,FALSE
närområden,1,FALSE
närssjön,1,FALSE
nässjös,1,FALSE
någonstans,1,FALSE
nålberg,1,FALSE
nålen,1,FALSE
nåsen,1,FALSE
oberget,1,FALSE
ockran,1,FALSE
odlingmm,1,FALSE
offkås,1,FALSE
ogströmmen,1,FALSE
ok,1,FALSE
olsnäs,1,FALSE
olsnässkogen,1,FALSE
omgivning,1,FALSE
omgivningar,1,FALSE
omkrets,1,FALSE
omkring,1,FALSE
onstoppen,1,FALSE
open,1,FALSE
opsaheden,1,FALSE
orkla,1,FALSE
ornässtugan,1,FALSE
orrholen,1,FALSE
orsandbadens,1,FALSE
orsbleck,1,FALSE
orsen,1,FALSE
ort,1,FALSE
orörd,1,FALSE
ostbo,1,FALSE
oxberg,1,FALSE
oxriset,1,FALSE
paddelklubben,1,FALSE
paddlarklubben,1,FALSE
panntjärn,1,FALSE
patriks,1,FALSE
pellesberget,1,FALSE
pernilla,1,FALSE
persbo,1,FALSE
petsjövägen,1,FALSE
pilbo,1,FALSE
placeringen,1,FALSE
plasket,1,FALSE
platsen,1,FALSE
platser,1,FALSE
plintsbergets,1,FALSE
plocka,1,FALSE
plockat,1,FALSE
precis,1,FALSE
promenaden,1,FALSE
promenadområde,1,FALSE
promenadstråk,1,FALSE
promennaderr,1,FALSE
prästa,1,FALSE
prästholmen,1,FALSE
prästhyttesjön,1,FALSE
prästtjärn,1,FALSE
prästön,1,FALSE
puben,1,FALSE
pärlan,1,FALSE
rafshytte,1,FALSE
rangvikarna,1,FALSE
rangviken,1,FALSE
rankhyttan,1,FALSE
ransi,1,FALSE
ravin,1,FALSE
ravinen,1,FALSE
realsbo,1,FALSE
relax,1,FALSE
rereation,1,FALSE
reservat,1,FALSE
rexbo,1,FALSE
rid,1,FALSE
ridit,1,FALSE
ridskogen,1,FALSE
ridväg,1,FALSE
riksväg,1,FALSE
risshyttan,1,FALSE
risåsen,1,FALSE
risåsnerget,1,FALSE
ro,1,FALSE
rofyllt,1,FALSE
rog,1,FALSE
rogsjön,1,FALSE
rogsån,1,FALSE
romberget,1,FALSE
romma,1,FALSE
rommeholen,1,FALSE
rostberget,1,FALSE
rotendalen,1,FALSE
roths,1,FALSE
rottne,1,FALSE
rottnyby,1,FALSE
rotälven,1,FALSE
rsisberget,1,FALSE
rudorna,1,FALSE
rundan,1,FALSE
rutboskogen,1,FALSE
rymdalen,1,FALSE
ryssa,1,FALSE
ryssjön,1,FALSE
rädsjön,1,FALSE
rällsjöbo,1,FALSE
rällsjön,1,FALSE
rämen,1,FALSE
rämma,1,FALSE
rännarheden,1,FALSE
rännbacken,1,FALSE
rättviken,1,FALSE
rättviksskog,1,FALSE
rävtjärn,1,FALSE
rådjursstigen,1,FALSE
råtjärnen,1,FALSE
rödfisksjön,1,FALSE
röra,1,FALSE
rörsjön,1,FALSE
rösberget,1,FALSE
rötter,1,FALSE
saltvik,1,FALSE
salutjärn,1,FALSE
sanders,1,FALSE
sandlandet,1,FALSE
sandlandets,1,FALSE
sandtaget,1,FALSE
sandvik,1,FALSE
sandvika,1,FALSE
sandängarna,1,FALSE
sarbergstjärn,1,FALSE
sausberger,1,FALSE
saxdalens,1,FALSE
saxen,1,FALSE
scenen,1,FALSE
schissyttan,1,FALSE
selbäck,1,FALSE
selja,1,FALSE
seljaheden,1,FALSE
sen,1,FALSE
shopping,1,FALSE
siavallen,1,FALSE
sidorna,1,FALSE
sifferbo,1,FALSE
siktjärn,1,FALSE
siljanstornet,1,FALSE
silvberg,1,FALSE
silvbergs,1,FALSE
silvbergsgruva,1,FALSE
silverhyttan,1,FALSE
simhall,1,FALSE
sinnesro,1,FALSE
sjulsarvet,1,FALSE
själen,1,FALSE
sjönsbo,1,FALSE
sjöändan,1,FALSE
sk3idspår,1,FALSE
skallskog,1,FALSE
skamsberget,1,FALSE
skarbohäll,1,FALSE
skattlösberg,1,FALSE
skattunge,1,FALSE
skebergsklitten,1,FALSE
skeer,1,FALSE
skenahyttan,1,FALSE
skeppmora,1,FALSE
skeret,1,FALSE
skicenter,1,FALSE
skidparadis,1,FALSE
skidåkningsmöjligheter,1,FALSE
skifte,1,FALSE
skiftet,1,FALSE
skinnarbo,1,FALSE
skinnboudde,1,FALSE
skinsan,1,FALSE
skisskolningen,1,FALSE
skjutbana,1,FALSE
skogar,1,FALSE
skogen1,1,FALSE
skognäs,1,FALSE
skogshöns,1,FALSE
skogsmark,1,FALSE
skogsmiljö,1,FALSE
skogssjön,1,FALSE
skogsvandringar,1,FALSE
skogsvägar,1,FALSE
skoljoggen,1,FALSE
skommartjärn,1,FALSE
skordbrändan,1,FALSE
skoter,1,FALSE
skoterleder,1,FALSE
skridskor,1,FALSE
skrradatorp,1,FALSE
skrullvre,1,FALSE
skräddarbacksskogen,1,FALSE
skräddarnacken,1,FALSE
skuråsen,1,FALSE
skuthamn,1,FALSE
skärberg,1,FALSE
skönhet,1,FALSE
slalombacke,1,FALSE
slinga,1,FALSE
slogsven,1,FALSE
slottet,1,FALSE
slussen,1,FALSE
släktgårdar,1,FALSE
släktgården,1,FALSE
slättberg,1,FALSE
slätthäll,1,FALSE
slättis,1,FALSE
smalåsen,1,FALSE
smågan,1,FALSE
småvägar,1,FALSE
snotten,1,FALSE
snårberget,1,FALSE
snöby,1,FALSE
snöbyn,1,FALSE
snön,1,FALSE
snösjön,1,FALSE
snöskoter,1,FALSE
sognstupet,1,FALSE
sold,1,FALSE
solleröskogen,1,FALSE
solvarboravinen,1,FALSE
sommar,1,FALSE
sommarbadplats,1,FALSE
sommaridyll,1,FALSE
sommarstugor,1,FALSE
sommarstället,1,FALSE
son,1,FALSE
sonnboviken,1,FALSE
sorsele,1,FALSE
sotbodarna,1,FALSE
spikgården,1,FALSE
sportfaltett,1,FALSE
springer,1,FALSE
sprinkällan,1,FALSE
spåren,1,FALSE
spårskogen,1,FALSE
staffas,1,FALSE
stallet,1,FALSE
stenberget,1,FALSE
stensbo,1,FALSE
stensjön,1,FALSE
stensjöområdet,1,FALSE
stf,1,FALSE
stiftsgården,1,FALSE
stiggforsn,1,FALSE
stimmerbo,1,FALSE
stollberg,1,FALSE
stollberget,1,FALSE
stollbergs,1,FALSE
stopfallet,1,FALSE
storbackssjön,1,FALSE
storbo,1,FALSE
storfallet,1,FALSE
stormyren,1,FALSE
storsiljan,1,FALSE
storvarden,1,FALSE
storvätteshogna,1,FALSE
storänget,1,FALSE
storön,1,FALSE
strandbacken,1,FALSE
strandskog,1,FALSE
stråk,1,FALSE
ströva,1,FALSE
strövstigar,1,FALSE
studsarvet,1,FALSE
stugam,1,FALSE
stugm,1,FALSE
stugu,1,FALSE
stugvistelse,1,FALSE
stunisvik,1,FALSE
stupberget,1,FALSE
stutt,1,FALSE
styggfors,1,FALSE
styrsjöbo,1,FALSE
stångkärn,1,FALSE
stångtjärns,1,FALSE
sundbäck,1,FALSE
svampskog,1,FALSE
svampställe,1,FALSE
svampstället,1,FALSE
svanskogen,1,FALSE
svartsjön,1,FALSE
svarttjärn,1,FALSE
sveden,1,FALSE
sverige,1,FALSE
svinö,1,FALSE
svärdsjö,1,FALSE
svärdsjöberget,1,FALSE
svärdsjöbygden,1,FALSE
sälabron,1,FALSE
sälenfjällens,1,FALSE
sälenfjället,1,FALSE
sälenfjälsgraven,1,FALSE
sälfjällen,1,FALSE
sälsänge,1,FALSE
särnabyn,1,FALSE
särnaområdet,1,FALSE
särnsjön,1,FALSE
säsonger,1,FALSE
säter,1,FALSE
sätergläntan,1,FALSE
sätergläntsberget,1,FALSE
säters,1,FALSE
sätra,1,FALSE
sätraskogen,1,FALSE
säxen,1,FALSE
sågsbo,1,FALSE
sången,1,FALSE
såväl,1,FALSE
söder,1,FALSE
söderås,1,FALSE
södetbärke,1,FALSE
söllerön,1,FALSE
söppenmyren,1,FALSE
sörbo,1,FALSE
sörombäcken,1,FALSE
sörskog,1,FALSE
sörskogs,1,FALSE
sörskogstjärn,1,FALSE
sörängsdammen,1,FALSE
tallar,1,FALSE
tallhed,1,FALSE
tallholmen,1,FALSE
tallmon,1,FALSE
talludden,1,FALSE
tammeråsen,1,FALSE
tandberget,1,FALSE
tansåhytta,1,FALSE
tegera,1,FALSE
tellberg,1,FALSE
tempelbacken,1,FALSE
thaifutten,1,FALSE
thorsudden,1,FALSE
tickan,1,FALSE
tidigare,1,FALSE
tillgång,1,FALSE
tillhörande,1,FALSE
tingnäs,1,FALSE
tingsnä,1,FALSE
tisjön,1,FALSE
tjäderåsen,1,FALSE
tjärgrafudden,1,FALSE
tjärnaberget,1,FALSE
tjärnbuan,1,FALSE
toftbyn,1,FALSE
tolvsbo,1,FALSE
topp,1,FALSE
toppar,1,FALSE
toppen,1,FALSE
toppstuga,1,FALSE
torkssätern,1,FALSE
torrbo,1,FALSE
torrboviken,1,FALSE
torråsen,1,FALSE
torsmobron,1,FALSE
torteins,1,FALSE
trail,1,FALSE
troll,1,FALSE
trollbäcken,1,FALSE
trolldalen,1,FALSE
trons,1,FALSE
tryssjön,1,FALSE
trädgården,1,FALSE
träna,1,FALSE
träningsområde,1,FALSE
träningsspår,1,FALSE
trådbacken,1,FALSE
tuna,1,FALSE
tunahästberg,1,FALSE
tunstaskogen,1,FALSE
tunstay,1,FALSE
tunvägen,1,FALSE
tur,1,FALSE
turistvägen,1,FALSE
turridning,1,FALSE
tvärstupet,1,FALSE
tvärtom,1,FALSE
två,1,FALSE
tyfors,1,FALSE
tylla,1,FALSE
tyrn,1,FALSE
tyrsbergets,1,FALSE
tyskhage,1,FALSE
tyskö,1,FALSE
tyst,1,FALSE
tystnaden,1,FALSE
täcksberget,1,FALSE
täcksbergets,1,FALSE
tänger,1,FALSE
töfsingdalen,1,FALSE
ullriksberg,1,FALSE
ulvsjön,1,FALSE
ulvsätern,1,FALSE
underbar,1,FALSE
underbart,1,FALSE
underberg,1,FALSE
ungskog,1,FALSE
uppdjusen,1,FALSE
upplevde,1,FALSE
upptagsviken,1,FALSE
uppträdande,1,FALSE
uppätna,1,FALSE
utah,1,FALSE
utanför,1,FALSE
utanhed,1,FALSE
ute,1,FALSE
utendal,1,FALSE
utflykt,1,FALSE
utflykten,1,FALSE
utflyktsmål,1,FALSE
utgrycken,1,FALSE
utkiksplats,1,FALSE
utkiksplatsen,1,FALSE
utkikspunkt,1,FALSE
utkikstorn,1,FALSE
utmeland,1,FALSE
utsiktspunkt,1,FALSE
utsiktstorn,1,FALSE
utsjö,1,FALSE
utskogen,1,FALSE
utsunds,1,FALSE
utsundsbadet,1,FALSE
utsäljeskogen,1,FALSE
utterstigen,1,FALSE
utängsbyn,1,FALSE
uvbergsskogen,1,FALSE
vackert,1,FALSE
valfria,1,FALSE
valla,1,FALSE
vallbyn,1,FALSE
vallsjöarna,1,FALSE
valsansjöarna,1,FALSE
vanberget,1,FALSE
vandrings,1,FALSE
vansjön,1,FALSE
vardag,1,FALSE
vardagspromenad,1,FALSE
vardagspromenader,1,FALSE
vargar,1,FALSE
vasaleden,1,FALSE
vasaloppsspåret,1,FALSE
vasman,1,FALSE
vasmanlake,1,FALSE
vasselbodarna,1,FALSE
vasselvallen,1,FALSE
vattberget,1,FALSE
vatten,1,FALSE
vattnäsrundan,1,FALSE
vega,1,FALSE
verket,1,FALSE
veteranbilar,1,FALSE
vidåsberget,1,FALSE
vidön,1,FALSE
vikasjön,1,FALSE
vikaskogen,1,FALSE
vikaviken,1,FALSE
vikåkervägen,1,FALSE
vila,1,FALSE
vilda,1,FALSE
villan,1,FALSE
vindpark,1,FALSE
vindtjärn,1,FALSE
vinter,1,FALSE
vinterbad,1,FALSE
vitsand,1,FALSE
vitsippsdalen,1,FALSE
vittsjön,1,FALSE
vrå,1,FALSE
vvo,1,FALSE
väckarbodarna,1,FALSE
väg,1,FALSE
vändan,1,FALSE
vänner,1,FALSE
värlingen,1,FALSE
väsa,1,FALSE
väsabergets,1,FALSE
västannor,1,FALSE
västanvik,1,FALSE
västerbyhytta,1,FALSE
västibtn,1,FALSE
västibyn,1,FALSE
västra,1,FALSE
väverön,1,FALSE
vådsjödammen,1,FALSE
vådsjön,1,FALSE
våghalsviken,1,FALSE
vålberget,1,FALSE
vålbergets,1,FALSE
vålbrändans,1,FALSE
vålɓerget,1,FALSE
våmhus,1,FALSE
våren,1,FALSE
vårt,1,FALSE
våtmark,1,FALSE
waterfall,1,FALSE
westman,1,FALSE
wiberg,1,FALSE
yttermalungs,1,FALSE
yttermo,1,FALSE
yttersätra,1,FALSE
yxningafallet,1,FALSE
ägandes,1,FALSE
ägda,1,FALSE
älg,1,FALSE
älgbo,1,FALSE
älgjakten,1,FALSE
älgsjöarna,1,FALSE
älgsjöselen,1,FALSE
älvbron,1,FALSE
älvenrunda,1,FALSE
älvledspromenaden,1,FALSE
älvnäs,1,FALSE
älvnäsleden,1,FALSE
älvpromenad,1,FALSE
älvpromenade,1,FALSE
älvstigen,1,FALSE
ämån,1,FALSE
äng,1,FALSE
änjansdalen,1,FALSE
äppelbos,1,FALSE
ärnäs,1,FALSE
ärtknubben,1,FALSE
även,1,FALSE
ågsjön,1,FALSE
åhl,1,FALSE
åhlby,1,FALSE
åkerbodrna,1,FALSE
åkermark,1,FALSE
åkerö,1,FALSE
åkrar,1,FALSE
åmåsäng,1,FALSE
ångbåtsbrygga,1,FALSE
ången,1,FALSE
ånäspromenaden,1,FALSE
år,1,FALSE
åränget,1,FALSE
åsberget,1,FALSE
åsgarn,1,FALSE
åvallen,1,FALSE
öar,1,FALSE
öarna,1,FALSE
ödarv,1,FALSE
öjvassla,1,FALSE
öna,1,FALSE
öomvik,1,FALSE
örabergsdammen,1,FALSE
örsjöberget,1,FALSE
örsåsen,1,FALSE
össjubuan,1,FALSE
öst,1,FALSE
östanmor,1,FALSE
östbjörka,1,FALSE
österby,1,FALSE
österbyn,1,FALSE
östergrav,1,FALSE
östnors,1,FALSE
östrby,1,FALSE
övertänger,1,FALSE
övrejärden,1,FALSE
